Patient_ID,Health_Camp_ID,Donation,Health_Score,
506181,6560,40,0.43902439,
494977,6560,20,0.097560976,
