Patient_ID,Health_Camp_ID,Health Score
526631,6536,0.875135722
509122,6536,0.755700326
